file_name,number_of_tokens
MO-01 MANUAL MERCANCIAS PELIGROSAS REV.20.pdf,78599
M-GTH-001 MANUAL DE ENTRENAMIENTO SAI REV.08.pdf,36546
CORP-MAN-SIG MANUAL CORPORATIVO SIG & SMS REV.04.pdf,66776
MOT-GRH-LC-001 MANUAL DE OPERACIONES TERRESTRES LATAM CARGO REV.02.pdf,140509
M-MTO-001 MANUAL GENERAL DE MANTENIMIENTO SAI REV.13.pdf,10011
MANUAL DE OPERACIONES PARTE D LATAM REV.10.pdf,25747
MAN-FOR-001 MANUAL DE GESTION DEL CONOCIMIENTO REV.09.pdf,50180
MOT-GRH-LT-01 MANUAL DE OPERACIONES EN TIERRA LATAM REV.09.pdf,210245
MC. AVA MOT MANUAL DE OPERACIONES TERRESTRES AVIANCA REV.4.pdf,252991
MSP-GRH-LT-002 MANUAL DE SERVICIO AL PASAJERO LATAM REV.77.pdf,245048
M-GED-001 MANUAL GENERAL DE DESPACHO SAI REV.07.pdf,56
MAN-GET-001 MANUAL DE MANTENIMIENTO DE EQUIPO DE TIERRA LASA REV.26.pdf,349
MAN-HDL-001 MANUAL DE OPERACIONES TERRESTRES LASA REV.50.pdf,171834
M-GOT-001 MANUAL DE OPERACIONES SAI REV.08.pdf,82166
MAN-RMP-001 MANUAL DE OPERACIONES TERRESTRES MOT CORP REV.07.pdf,172198
